maturity,yield
2/1/2020,0.000305023
2/21/2020,0.000305023
2/28/2020,0.00028602
3/1/2020,0.00028602
