maturity,yield
2/21/2020,0.000305
2/22/2020,0.000305
2/23/2020,0.000305
2/24/2020,0.000305
2/25/2020,0.000286
2/26/2020,0.000286
2/27/2020,0.000286
2/28/2020,0.000286
